{
	"format_version": "1.21.6",
	"credit": "Made with Blockbench",
	"texture_size": [256, 256],
	"textures": {
		"1": "item/beam",
		"particle": "item/beam"
	},
	"elements": [
		{
			"from": [1.5, 2, -14.5],
			"to": [14.5, 14.5, 30.5],
			"rotation": {"angle": 0, "axis": "y", "origin": [8, 7, 2]},
			"faces": {
				"north": {"uv": [5.875, 7.75, 6.5, 8.375], "texture": "#1"},
				"east": {"uv": [3.75, 3.75, 10.75, 4.375], "texture": "#1"},
				"south": {"uv": [5.875, 7.75, 6.5, 8.375], "texture": "#1"},
				"west": {"uv": [3.75, 4.375, 10.75, 5], "texture": "#1"},
				"up": {"uv": [5, 12, 4.375, 5], "texture": "#1"},
				"down": {"uv": [4.375, 12, 5, 5], "texture": "#1"}
			}
		},
		{
			"name": "cube_outline",
			"from": [15, 15, 31],
			"to": [1, 1, -15],
			"rotation": {"angle": 0, "axis": "y", "origin": [8, 7, -1]},
			"faces": {
				"north": {"uv": [6, 5.875, 6.875, 6.75], "texture": "#1"},
				"east": {"uv": [2, 2, 9.125, 2.875], "texture": "#1"},
				"south": {"uv": [6, 5.875, 6.875, 6.75], "texture": "#1"},
				"west": {"uv": [2, 2.875, 9.125, 3.75], "texture": "#1"},
				"up": {"uv": [2.875, 10.875, 2, 3.75], "texture": "#1"},
				"down": {"uv": [3.75, 3.75, 2.875, 10.875], "texture": "#1"}
			}
		}
	],
	"display": {
		"head": {
			"translation": [0, -10, 0]
		}
	},
	"groups": [
		{
			"name": "group",
			"origin": [0, 1, 57],
			"color": 0,
			"children": [0, 1]
		}
	]
}