{
	"format_version": "1.21.6",
	"credit": "Made with Blockbench",
	"texture_size": [256, 256],
	"textures": {
		"2": "item/bubble"
	},
	"elements": [
		{
			"from": [-11, -6, -11],
			"to": [-11, 32, 27],
			"rotation": {"angle": 0, "axis": "y", "origin": [8, 10, 8]},
			"faces": {
				"north": {"uv": [0, 0, 0, 2.375], "texture": "#2"},
				"east": {"uv": [7.75, 2.625, 10.125, 5], "texture": "#2"},
				"south": {"uv": [0, 0, 0, 2.375], "texture": "#2"},
				"west": {"uv": [5.125, 7.75, 7.5, 10.125], "texture": "#2"},
				"up": {"uv": [0, 2.375, 0, 0], "texture": "#2"},
				"down": {"uv": [0, 0, 0, 2.375], "texture": "#2"}
			}
		},
		{
			"from": [-11, -6, -11],
			"to": [27, 32, -11],
			"rotation": {"angle": 0, "axis": "y", "origin": [8, 10, 8]},
			"faces": {
				"north": {"uv": [7.5, 10.125, 9.875, 12.5], "texture": "#2"},
				"east": {"uv": [7.5, 10.125, 9.875, 12.5], "texture": "#2"},
				"south": {"uv": [7.5, 10.125, 9.875, 12.5], "texture": "#2"},
				"west": {"uv": [7.5, 10.125, 9.875, 12.5], "texture": "#2"},
				"up": {"uv": [2.375, 0, 0, 0], "texture": "#2"},
				"down": {"uv": [2.375, 0, 0, 0], "texture": "#2"}
			}
		},
		{
			"from": [-11, 30, -11],
			"to": [27, 30, 27],
			"rotation": {"angle": 0, "axis": "y", "origin": [8, 10, 8]},
			"faces": {
				"north": {"uv": [0, 0, 2.375, 0], "texture": "#2"},
				"east": {"uv": [0, 0, 2.375, 0], "texture": "#2"},
				"south": {"uv": [0, 0, 2.375, 0], "texture": "#2"},
				"west": {"uv": [0, 0, 2.375, 0], "texture": "#2"},
				"up": {"uv": [5.125, 12.5, 7.5, 10.125], "texture": "#2"},
				"down": {"uv": [12.5, 7.125, 10.125, 9.5], "texture": "#2"}
			}
		},
		{
			"from": [-11, -6, -11],
			"to": [27, -6, 27],
			"rotation": {"angle": 0, "axis": "y", "origin": [8, -28, 8]},
			"faces": {
				"north": {"uv": [0, 0, 2.375, 0], "texture": "#2"},
				"east": {"uv": [0, 0, 2.375, 0], "texture": "#2"},
				"south": {"uv": [0, 0, 2.375, 0], "texture": "#2"},
				"west": {"uv": [0, 0, 2.375, 0], "texture": "#2"},
				"up": {"uv": [0, 12.625, 2.375, 10.25], "texture": "#2"},
				"down": {"uv": [12.625, 0, 10.25, 2.375], "texture": "#2"}
			}
		},
		{
			"from": [27, -6, -11],
			"to": [27, 32, 27],
			"rotation": {"angle": 0, "axis": "y", "origin": [8, 10, 8]},
			"faces": {
				"north": {"uv": [0, 0, 0, 2.375], "texture": "#2"},
				"east": {"uv": [10.125, 2.375, 12.5, 4.75], "texture": "#2"},
				"south": {"uv": [0, 0, 0, 2.375], "texture": "#2"},
				"west": {"uv": [10.125, 4.75, 12.5, 7.125], "texture": "#2"},
				"up": {"uv": [0, 2.375, 0, 0], "texture": "#2"},
				"down": {"uv": [0, 0, 0, 2.375], "texture": "#2"}
			}
		},
		{
			"from": [-11, -6, 27],
			"to": [27, 32, 27],
			"rotation": {"angle": 0, "axis": "y", "origin": [8, 10, 8]},
			"faces": {
				"north": {"uv": [7.5, 10.125, 9.875, 12.5], "texture": "#2"},
				"east": {"uv": [0, 0, 0, 2.375], "texture": "#2"},
				"south": {"uv": [7.5, 10.125, 9.875, 12.5], "texture": "#2"},
				"west": {"uv": [0, 0, 0, 2.375], "texture": "#2"},
				"up": {"uv": [2.375, 0, 0, 0], "texture": "#2"},
				"down": {"uv": [2.375, 0, 0, 0], "texture": "#2"}
			}
		},
		{
			"name": "cube_outline",
			"from": [28, 31, 28],
			"to": [-12, -6, -12],
			"rotation": {"angle": 0, "axis": "y", "origin": [8, 10, 8]},
			"faces": {
				"north": {"uv": [5.125, 5.25, 2.625, 7.75], "texture": "#2"},
				"east": {"uv": [7.75, 2.625, 5.25, 5.125], "texture": "#2"},
				"south": {"uv": [5.125, 5.25, 7.625, 7.75], "texture": "#2"},
				"west": {"uv": [7.625, 5.125, 10.125, 7.625], "texture": "#2"},
				"up": {"uv": [10.125, 7.625, 7.625, 10.125], "texture": "#2"},
				"down": {"uv": [2.625, 10.25, 5.125, 7.75], "texture": "#2"}
			}
		},
		{
			"name": "cube_outline_outline",
			"from": [29, 32, 29],
			"to": [-13, -6, -13],
			"rotation": {"angle": 0, "axis": "y", "origin": [8, 10, 8]},
			"faces": {
				"north": {"uv": [0, 2.625, 2.625, 5.25], "texture": "#2"},
				"east": {"uv": [0, 2.625, 2.625, 5.25], "texture": "#2"},
				"south": {"uv": [0, 2.625, 2.625, 5.25], "texture": "#2"},
				"west": {"uv": [0, 2.625, 2.625, 5.25], "texture": "#2"},
				"up": {"uv": [0, 2.625, 2.625, 5.25], "texture": "#2"},
				"down": {"uv": [0, 2.625, 2.625, 5.25], "texture": "#2"}
			}
		}
	],
	"display": {
		"head": {
			"translation": [0, -10, 0]
		}
	}
}