{
    "model": {
        "type": "range_dispatch",
        "property": "custom_model_data",
        "fallback": {
            "type": "model",
            "model": "minecraft:item/nautilus_shell"
        },
        "entries": [
            {"threshold": 12345, "model": {"type": "model", "model": "minecraft:item/strength_item"}},
            {"threshold": 12346, "model": {"type": "model", "model": "minecraft:item/bubble"}},
            {"threshold": 12347, "model": {"type": "model", "model": "minecraft:item/beam"}}
        ]
    }
}